,GID,Team,Spread,Over/Under
0,201610250CLE,NYK,9.0,203.0
1,201610250CLE,CLE,-9.0,203.0
2,201610250GSW,SAS,8.5,212.0
3,201610250GSW,GSW,-8.5,212.0
4,201610250POR,UTA,6.0,193.0
5,201610250POR,POR,-6.0,193.0
6,201610260BOS,BOS,-13.5,211.5
7,201610260BOS,BRK,13.5,211.5
8,201610260IND,DAL,6.0,206.5
9,201610260IND,IND,-6.0,206.5
10,201610260LAL,HOU,-6.5,222.0
11,201610260LAL,LAL,6.5,222.0
12,201610260MEM,MIN,2.5,199.0
13,201610260MEM,MEM,-2.5,199.0
14,201610260MIL,CHO,-0.0,192.5
15,201610260MIL,MIL,0.0,192.5
16,201610260NOP,DEN,3.5,207.0
17,201610260NOP,NOP,-3.5,207.0
18,201610260ORL,ORL,-4.5,201.0
19,201610260ORL,MIA,4.5,201.0
20,201610260PHI,OKC,-8.5,208.0
21,201610260PHI,PHI,8.5,208.0
22,201610260PHO,PHO,-3.0,207.0
23,201610260PHO,SAC,3.0,207.0
24,201610260TOR,TOR,-7.5,195.0
25,201610260TOR,DET,7.5,195.0
26,201610270ATL,WAS,3.5,204.0
27,201610270ATL,ATL,-3.5,204.0
28,201610270CHI,BOS,-1.5,211.0
29,201610270CHI,CHI,1.5,211.0
30,201610270POR,POR,2.0,209.0
31,201610270POR,LAC,-2.0,209.0
32,201610270SAC,SAC,8.5,205.5
33,201610270SAC,SAS,-8.5,205.5
34,201610280BRK,IND,-6.5,214.0
35,201610280BRK,BRK,6.5,214.0
36,201610280DAL,DAL,-2.0,221.0
37,201610280DAL,HOU,2.0,221.0
38,201610280DET,ORL,4.0,198.5
39,201610280DET,DET,-4.0,198.5
40,201610280MIA,CHO,2.0,198.0
41,201610280MIA,MIA,-2.0,198.0
42,201610280NOP,NOP,10.0,219.5
43,201610280NOP,GSW,-10.0,219.5
44,201610280OKC,PHO,9.5,209.0
45,201610280OKC,OKC,-9.5,209.0
46,201610280TOR,CLE,-2.5,204.0
47,201610280TOR,TOR,2.5,204.0
48,201610280UTA,LAL,8.5,201.5
49,201610280UTA,UTA,-8.5,201.5
50,201610290CHI,IND,3.0,210.5
51,201610290CHI,CHI,-3.0,210.5
52,201610290CHO,BOS,-2.0,205.0
53,201610290CHO,CHO,2.0,205.0
54,201610290CLE,ORL,12.0,205.0
55,201610290CLE,CLE,-12.0,205.0
56,201610290DEN,DEN,-2.0,211.0
57,201610290DEN,POR,2.0,211.0
58,201610290MIL,BRK,6.5,205.5
59,201610290MIL,MIL,-6.5,205.5
60,201610290NYK,MEM,2.0,197.5
61,201610290NYK,NYK,-2.0,197.5
62,201610290PHI,PHI,7.0,204.5
63,201610290PHI,ATL,-7.0,204.5
64,201610290SAC,MIN,1.5,205.5
65,201610290SAC,SAC,-1.5,205.5
66,201610290SAS,NOP,13.5,206.5
67,201610290SAS,SAS,-13.5,206.5
68,201610300DET,DET,-7.5,194.5
69,201610300DET,MIL,7.5,194.5
70,201610300HOU,HOU,-5.5,216.5
71,201610300HOU,DAL,5.5,216.5
72,201610300LAC,LAC,-8.0,196.0
73,201610300LAC,UTA,8.0,196.0
74,201610300MEM,WAS,-1.0,203.5
75,201610300MEM,MEM,1.0,203.5
76,201610300MIA,SAS,-6.5,194.0
77,201610300MIA,MIA,6.5,194.0
78,201610300OKC,LAL,7.5,214.0
79,201610300OKC,OKC,-7.5,214.0
80,201610300PHO,GSW,-11.5,225.0
81,201610300PHO,PHO,11.5,225.0
82,201610310ATL,SAC,7.0,201.0
83,201610310ATL,ATL,-7.0,201.0
84,201610310BRK,CHI,-6.0,212.0
85,201610310BRK,BRK,6.0,212.0
86,201610310LAC,PHO,10.0,206.0
87,201610310LAC,LAC,-10.0,206.0
88,201610310TOR,DEN,7.0,204.0
89,201610310TOR,TOR,-7.0,204.0
90,201611010CLE,CLE,-9.0,218.0
91,201611010CLE,HOU,9.0,218.0
92,201611010DET,DET,-4.0,199.0
93,201611010DET,NYK,4.0,199.0
94,201611010IND,IND,-9.0,216.0
95,201611010IND,LAL,9.0,216.0
96,201611010MIA,SAC,3.5,200.5
97,201611010MIA,MIA,-3.5,200.5
98,201611010MIN,MEM,5.0,199.0
99,201611010MIN,MIN,-5.0,199.0
100,201611010NOP,MIL,3.0,206.0
101,201611010NOP,NOP,-3.0,206.0
102,201611010PHI,ORL,-5.0,198.0
103,201611010PHI,PHI,5.0,198.0
104,201611010POR,GSW,-4.5,228.0
105,201611010POR,POR,4.5,228.0
106,201611010SAS,UTA,10.5,187.0
107,201611010SAS,SAS,-10.5,187.0
108,201611020ATL,ATL,-11.5,208.0
109,201611020ATL,LAL,11.5,208.0
110,201611020BOS,CHI,3.5,211.5
111,201611020BOS,BOS,-3.5,211.5
112,201611020BRK,DET,-4.5,204.0
113,201611020BRK,BRK,4.5,204.0
114,201611020CHO,CHO,-12.5,196.0
115,201611020CHO,PHI,12.5,196.0
116,201611020LAC,OKC,7.0,207.0
117,201611020LAC,LAC,-7.0,207.0
118,201611020MEM,NOP,6.0,207.0
119,201611020MEM,MEM,-6.0,207.0
120,201611020NYK,HOU,1.5,214.5
121,201611020NYK,NYK,-1.5,214.5
122,201611020PHO,POR,-3.5,216.0
123,201611020PHO,PHO,3.5,216.0
124,201611020UTA,DAL,5.0,189.5
125,201611020UTA,UTA,-5.0,189.5
126,201611020WAS,WAS,-1.0,203.0
127,201611020WAS,TOR,1.0,203.0
128,201611030CLE,CLE,-9.5,209.0
129,201611030CLE,BOS,9.5,209.0
130,201611030GSW,OKC,11.5,226.0
131,201611030GSW,GSW,-11.5,226.0
132,201611030MIL,IND,-2.0,213.0
133,201611030MIL,MIL,2.0,213.0
134,201611030MIN,DEN,3.5,209.0
135,201611030MIN,MIN,-3.5,209.0
136,201611030ORL,SAC,1.0,199.0
137,201611030ORL,ORL,-1.0,199.0
138,201611040BRK,CHO,-6.5,205.5
139,201611040BRK,BRK,6.5,205.5
140,201611040CHI,CHI,-6.5,210.0
141,201611040CHI,NYK,6.5,210.0
142,201611040DAL,DAL,1.5,206.0
143,201611040DAL,POR,-1.5,206.0
144,201611040LAL,LAL,11.0,226.5
145,201611040LAL,GSW,-11.0,226.5
146,201611040MEM,LAC,-5.5,198.0
147,201611040MEM,MEM,5.5,198.0
148,201611040NOP,PHO,3.0,212.5
149,201611040NOP,NOP,-3.0,212.5
150,201611040TOR,TOR,-7.5,200.5
151,201611040TOR,MIA,7.5,200.5
152,201611040UTA,SAS,-4.0,186.5
153,201611040UTA,UTA,4.0,186.5
154,201611040WAS,WAS,-2.0,209.5
155,201611040WAS,ATL,2.0,209.5
156,201611050ATL,ATL,-3.0,217.0
157,201611050ATL,HOU,3.0,217.0
158,201611050DET,DEN,4.0,204.5
159,201611050DET,DET,-4.0,204.5
160,201611050IND,CHI,3.0,215.0
161,201611050IND,IND,-3.0,215.0
162,201611050MIL,SAC,2.0,204.5
163,201611050MIL,MIL,-2.0,204.5
164,201611050OKC,OKC,-5.5,206.0
165,201611050OKC,MIN,5.5,206.0
166,201611050ORL,WAS,5.0,201.5
167,201611050ORL,ORL,-5.0,201.5
168,201611050PHI,CLE,-14.0,207.5
169,201611050PHI,PHI,14.0,207.5
170,201611050SAS,SAS,-4.5,195.0
171,201611050SAS,LAC,4.5,195.0
172,201611060BOS,BOS,-8.0,210.0
173,201611060BOS,DEN,8.0,210.0
174,201611060DAL,MIL,2.0,199.0
175,201611060DAL,DAL,-2.0,199.0
176,201611060LAL,LAL,-3.0,217.0
177,201611060LAL,PHO,3.0,217.0
178,201611060MEM,POR,-2.0,203.5
179,201611060MEM,MEM,2.0,203.5
180,201611060NYK,UTA,-1.0,196.0
181,201611060NYK,NYK,1.0,196.0
182,201611060TOR,SAC,9.5,200.5
183,201611060TOR,TOR,-9.5,200.5
184,201611070CHI,ORL,7.0,203.0
185,201611070CHI,CHI,-7.0,203.0
186,201611070CHO,IND,3.5,208.0
187,201611070CHO,CHO,-3.5,208.0
188,201611070GSW,GSW,-17.0,224.5
189,201611070GSW,NOP,17.0,224.5
190,201611070LAC,LAC,-8.5,197.5
191,201611070LAC,DET,8.5,197.5
192,201611070OKC,MIA,6.0,203.5
193,201611070OKC,OKC,-6.0,203.5
194,201611070PHI,UTA,-7.5,192.5
195,201611070PHI,PHI,7.5,192.5
196,201611070WAS,WAS,-1.5,216.0
197,201611070WAS,HOU,1.5,216.0
198,201611080BRK,MIN,-4.0,205.0
199,201611080BRK,BRK,4.0,205.0
200,201611080CLE,ATL,8.5,207.0
201,201611080CLE,CLE,-8.5,207.0
202,201611080LAL,DAL,5.0,205.5
203,201611080LAL,LAL,-5.0,205.5
204,201611080MEM,DEN,1.5,201.0
205,201611080MEM,MEM,-1.5,201.0
206,201611080POR,PHO,7.5,217.0
207,201611080POR,POR,-7.5,217.0
208,201611080SAC,NOP,5.5,203.5
209,201611080SAC,SAC,-5.5,203.5
210,201611090ATL,CHI,3.5,203.5
211,201611090ATL,ATL,-3.5,203.5
212,201611090CHO,UTA,2.0,193.5
213,201611090CHO,CHO,-2.0,193.5
214,201611090GSW,GSW,-16.5,209.5
215,201611090GSW,DAL,16.5,209.5
216,201611090IND,PHI,12.0,209.0
217,201611090IND,IND,-12.0,209.0
218,201611090LAC,LAC,-9.5,208.0
219,201611090LAC,POR,9.5,208.0
220,201611090NYK,BRK,8.0,212.5
221,201611090NYK,NYK,-8.0,212.5
222,201611090OKC,TOR,3.5,201.5
223,201611090OKC,OKC,-3.5,201.5
224,201611090ORL,ORL,-2.0,201.5
225,201611090ORL,MIN,2.0,201.5
226,201611090PHO,DET,-3.0,204.0
227,201611090PHO,PHO,3.0,204.0
228,201611090SAS,HOU,7.5,210.5
229,201611090SAS,SAS,-7.5,210.5
230,201611090WAS,WAS,1.5,215.0
231,201611090WAS,BOS,-1.5,215.0
232,201611100DEN,DEN,5.0,219.0
233,201611100DEN,GSW,-5.0,219.0
234,201611100MIA,MIA,-1.5,199.5
235,201611100MIA,CHI,1.5,199.5
236,201611100MIL,NOP,4.5,208.0
237,201611100MIL,MIL,-4.5,208.0
238,201611100SAC,LAL,4.5,208.5
239,201611100SAC,SAC,-4.5,208.5
240,201611110BOS,NYK,6.0,217.0
241,201611110BOS,BOS,-6.0,217.0
242,201611110CHO,TOR,3.0,198.0
243,201611110CHO,CHO,-3.0,198.0
244,201611110OKC,LAC,-5.0,204.0
245,201611110OKC,OKC,5.0,204.0
246,201611110ORL,ORL,4.0,192.0
247,201611110ORL,UTA,-4.0,192.0
248,201611110PHI,IND,-4.5,213.0
249,201611110PHI,PHI,4.5,213.0
250,201611110POR,SAC,6.5,209.0
251,201611110POR,POR,-6.5,209.0
252,201611110SAS,DET,8.0,195.0
253,201611110SAS,SAS,-8.0,195.0
254,201611110WAS,CLE,-6.5,208.5
255,201611110WAS,WAS,6.5,208.5
256,201611120ATL,ATL,-14.0,204.0
257,201611120ATL,PHI,14.0,204.0
258,201611120CHI,WAS,9.0,203.5
259,201611120CHI,CHI,-9.0,203.5
260,201611120DEN,DEN,-4.5,201.5
261,201611120DEN,DET,4.5,201.5
262,201611120HOU,SAS,-2.0,209.0
263,201611120HOU,HOU,2.0,209.0
264,201611120IND,IND,-2.5,218.5
265,201611120IND,BOS,2.5,218.5
266,201611120MIA,MIA,2.5,187.5
267,201611120MIA,UTA,-2.5,187.5
268,201611120MIL,MEM,2.5,201.5
269,201611120MIL,MIL,-2.5,201.5
270,201611120MIN,MIN,5.0,205.0
271,201611120MIN,LAC,-5.0,205.0
272,201611120NOP,NOP,-1.0,214.5
273,201611120NOP,LAL,1.0,214.5
274,201611120PHO,BRK,4.5,219.5
275,201611120PHO,PHO,-4.5,219.5
276,201611120TOR,TOR,-7.5,207.0
277,201611120TOR,NYK,7.5,207.0
278,201611130CLE,CHO,8.0,209.0
279,201611130CLE,CLE,-8.0,209.0
280,201611130GSW,GSW,-16.5,230.5
281,201611130GSW,PHO,16.5,230.5
282,201611130MIN,LAL,4.5,215.5
283,201611130MIN,MIN,-4.5,215.5
284,201611130OKC,ORL,9.0,204.0
285,201611130OKC,OKC,-9.0,204.0
286,201611130POR,POR,-6.0,216.0
287,201611130POR,DEN,6.0,216.0
288,201611140DET,OKC,3.0,200.0
289,201611140DET,DET,-3.0,200.0
290,201611140HOU,HOU,-11.5,213.0
291,201611140HOU,PHI,11.5,213.0
292,201611140IND,ORL,6.0,207.0
293,201611140IND,IND,-6.0,207.0
294,201611140LAC,BRK,14.5,214.0
295,201611140LAC,LAC,-14.5,214.0
296,201611140NOP,BOS,-4.5,211.5
297,201611140NOP,NOP,4.5,211.5
298,201611140NYK,NYK,-4.5,204.0
299,201611140NYK,DAL,4.5,204.0
300,201611140SAS,MIA,12.0,191.0
301,201611140SAS,SAS,-12.0,191.0
302,201611140UTA,MEM,6.0,187.0
303,201611140UTA,UTA,-6.0,187.0
304,201611150CLE,TOR,5.5,210.0
305,201611150CLE,CLE,-5.5,210.0
306,201611150LAL,LAL,-7.0,220.0
307,201611150LAL,BRK,7.0,220.0
308,201611150MIA,MIA,6.0,200.0
309,201611150MIA,ATL,-6.0,200.0
310,201611150MIN,MIN,2.0,205.5
311,201611150MIN,CHO,-2.0,205.5
312,201611150POR,CHI,3.5,213.0
313,201611150POR,POR,-3.5,213.0
314,201611160ATL,MIL,7.0,208.5
315,201611160ATL,ATL,-7.0,208.5
316,201611160BOS,BOS,-7.5,203.0
317,201611160BOS,DAL,7.5,203.0
318,201611160DEN,DEN,-4.5,221.5
319,201611160DEN,PHO,4.5,221.5
320,201611160IND,CLE,1.0,210.0
321,201611160IND,IND,-1.0,210.0
322,201611160LAC,MEM,12.0,201.5
323,201611160LAC,LAC,-12.0,201.5
324,201611160NYK,NYK,-3.0,202.0
325,201611160NYK,DET,3.0,202.0
326,201611160OKC,HOU,1.0,217.5
327,201611160OKC,OKC,-1.0,217.5
328,201611160ORL,NOP,3.5,202.0
329,201611160ORL,ORL,-3.5,202.0
330,201611160PHI,PHI,4.0,206.0
331,201611160PHI,WAS,-4.0,206.0
332,201611160SAC,SAS,-5.5,195.5
333,201611160SAC,SAC,5.5,195.5
334,201611160TOR,GSW,-4.5,219.0
335,201611160TOR,TOR,4.5,219.0
336,201611170HOU,POR,3.5,219.0
337,201611170HOU,HOU,-3.5,219.0
338,201611170MIA,MIL,3.5,197.5
339,201611170MIA,MIA,-3.5,197.5
340,201611170MIN,PHI,11.0,214.0
341,201611170MIN,MIN,-11.0,214.0
342,201611170UTA,CHI,3.0,195.0
343,201611170UTA,UTA,-3.0,195.0
344,201611170WAS,NYK,3.0,206.5
345,201611170WAS,WAS,-3.0,206.5
346,201611180BOS,GSW,-6.5,226.0
347,201611180BOS,BOS,6.5,226.0
348,201611180CHO,CHO,-3.0,207.0
349,201611180CHO,ATL,3.0,207.0
350,201611180CLE,DET,9.0,205.0
351,201611180CLE,CLE,-9.0,205.0
352,201611180DAL,DAL,1.5,190.0
353,201611180DAL,MEM,-1.5,190.0
354,201611180DEN,TOR,-4.0,216.0
355,201611180DEN,DEN,4.0,216.0
356,201611180IND,IND,-7.5,219.0
357,201611180IND,PHO,7.5,219.0
358,201611180LAL,SAS,-6.5,208.0
359,201611180LAL,LAL,6.5,208.0
360,201611180NOP,NOP,2.0,214.5
361,201611180NOP,POR,-2.0,214.5
362,201611180OKC,OKC,-9.5,219.0
363,201611180OKC,BRK,9.5,219.0
364,201611180SAC,LAC,-7.0,205.5
365,201611180SAC,SAC,7.0,205.5
366,201611190DET,BOS,3.5,201.0
367,201611190DET,DET,-3.5,201.0
368,201611190HOU,UTA,7.0,200.5
369,201611190HOU,HOU,-7.0,200.5
370,201611190LAC,LAC,-6.5,205.0
371,201611190LAC,CHI,6.5,205.0
372,201611190MEM,MEM,1.0,202.0
373,201611190MEM,MIN,-1.0,202.0
374,201611190MIL,GSW,-8.5,223.0
375,201611190MIL,MIL,8.5,223.0
376,201611190NOP,CHO,-4.5,206.0
377,201611190NOP,NOP,4.5,206.0
378,201611190ORL,ORL,-7.0,182.5
379,201611190ORL,DAL,7.0,182.5
380,201611190PHI,PHO,-2.5,215.0
381,201611190PHI,PHI,2.5,215.0
382,201611190WAS,WAS,-4.0,199.5
383,201611190WAS,MIA,4.0,199.5
384,201611200BRK,POR,-4.0,222.0
385,201611200BRK,BRK,4.0,222.0
386,201611200DEN,UTA,3.5,197.0
387,201611200DEN,DEN,-3.5,197.0
388,201611200LAL,LAL,3.0,211.5
389,201611200LAL,CHI,-3.0,211.5
390,201611200NYK,ATL,-2.5,211.5
391,201611200NYK,NYK,2.5,211.5
392,201611200OKC,OKC,-9.5,211.5
393,201611200OKC,IND,9.5,211.5
394,201611200SAC,SAC,3.5,210.0
395,201611200SAC,TOR,-3.5,210.0
396,201611210CHO,CHO,-6.0,194.0
397,201611210CHO,MEM,6.0,194.0
398,201611210DET,DET,2.0,204.0
399,201611210DET,HOU,-2.0,204.0
400,201611210IND,IND,12.5,221.5
401,201611210IND,GSW,-12.5,221.5
402,201611210LAC,LAC,-8.0,211.0
403,201611210LAC,TOR,8.0,211.0
404,201611210MIL,ORL,5.5,202.5
405,201611210MIL,MIL,-5.5,202.5
406,201611210MIN,BOS,-2.0,207.5
407,201611210MIN,MIN,2.0,207.5
408,201611210PHI,PHI,4.5,198.0
409,201611210PHI,MIA,-4.5,198.0
410,201611210SAS,SAS,-16.0,181.0
411,201611210SAS,DAL,16.0,181.0
412,201611210WAS,WAS,-8.0,218.0
413,201611210WAS,PHO,8.0,218.0
414,201611220ATL,NOP,7.5,209.5
415,201611220ATL,ATL,-7.5,209.5
416,201611220DEN,CHI,-1.0,207.5
417,201611220DEN,DEN,1.0,207.5
418,201611220LAL,LAL,2.5,221.0
419,201611220LAL,OKC,-2.5,221.0
420,201611220NYK,NYK,-1.5,218.0
421,201611220NYK,POR,1.5,218.0
422,201611230BRK,BRK,7.0,214.5
423,201611230BRK,BOS,-7.0,214.5
424,201611230CHO,CHO,4.0,199.5
425,201611230CHO,SAS,-4.0,199.5
426,201611230CLE,POR,11.5,217.5
427,201611230CLE,CLE,-11.5,217.5
428,201611230DAL,DAL,9.0,192.0
429,201611230DAL,LAC,-9.0,192.0
430,201611230DET,MIA,4.5,189.5
431,201611230DET,DET,-4.5,189.5
432,201611230GSW,GSW,-17.0,231.0
433,201611230GSW,LAL,17.0,231.0
434,201611230HOU,TOR,3.0,217.5
435,201611230HOU,HOU,-3.0,217.5
436,201611230IND,ATL,-2.5,208.0
437,201611230IND,IND,2.5,208.0
438,201611230NOP,NOP,1.5,210.0
439,201611230NOP,MIN,-1.5,210.0
440,201611230ORL,ORL,-4.5,206.5
441,201611230ORL,PHO,4.5,206.5
442,201611230PHI,MEM,-4.5,196.5
443,201611230PHI,PHI,4.5,196.5
444,201611230SAC,OKC,2.5,208.0
445,201611230SAC,SAC,-2.5,208.0
446,201611230UTA,DEN,4.5,196.5
447,201611230UTA,UTA,-4.5,196.5
448,201611250BOS,SAS,-2.5,202.0
449,201611250BOS,BOS,2.5,202.0
450,201611250CLE,CLE,-15.0,202.0
451,201611250CLE,DAL,15.0,202.0
452,201611250DEN,DEN,1.5,213.5
453,201611250DEN,OKC,-1.5,213.5
454,201611250DET,DET,6.5,201.5
455,201611250DET,LAC,-6.5,201.5
456,201611250IND,BRK,8.5,215.5
457,201611250IND,IND,-8.5,215.5
458,201611250LAL,LAL,12.0,233.0
459,201611250LAL,GSW,-12.0,233.0
460,201611250MEM,MIA,6.5,187.0
461,201611250MEM,MEM,-6.5,187.0
462,201611250MIL,TOR,-3.0,211.0
463,201611250MIL,MIL,3.0,211.0
464,201611250NYK,CHO,-1.0,211.0
465,201611250NYK,NYK,1.0,211.0
466,201611250ORL,ORL,1.0,202.5
467,201611250ORL,WAS,-1.0,202.5
468,201611250PHI,CHI,-8.0,203.5
469,201611250PHI,PHI,8.0,203.5
470,201611250PHO,PHO,1.0,213.0
471,201611250PHO,MIN,-1.0,213.0
472,201611250POR,NOP,4.0,219.0
473,201611250POR,POR,-4.0,219.0
474,201611250SAC,HOU,-3.0,214.5
475,201611250SAC,SAC,3.0,214.5
476,201611250UTA,UTA,-2.5,195.5
477,201611250UTA,ATL,2.5,195.5
478,201611260CHO,NYK,6.0,208.5
479,201611260CHO,CHO,-6.0,208.5
480,201611260GSW,MIN,15.0,222.0
481,201611260GSW,GSW,-15.0,222.0
482,201611260MIA,MEM,1.5,183.5
483,201611260MIA,MIA,-1.5,183.5
484,201611260OKC,DET,4.5,203.0
485,201611260OKC,OKC,-4.5,203.0
486,201611260WAS,WAS,5.5,203.0
487,201611260WAS,SAS,-5.5,203.0
488,201611270BRK,BRK,4.0,217.5
489,201611270BRK,SAC,-4.0,217.5
490,201611270DAL,DAL,3.5,201.0
491,201611270DAL,NOP,-3.5,201.0
492,201611270IND,LAC,-10.5,209.0
493,201611270IND,IND,10.5,209.0
494,201611270LAL,ATL,-4.0,212.0
495,201611270LAL,LAL,4.0,212.0
496,201611270ORL,MIL,-1.0,194.5
497,201611270ORL,ORL,1.0,194.5
498,201611270PHI,PHI,12.0,210.5
499,201611270PHI,CLE,-12.0,210.5
500,201611270PHO,PHO,-1.5,215.5
501,201611270PHO,DEN,1.5,215.5
502,201611270POR,HOU,-2.5,223.0
503,201611270POR,POR,2.5,223.0
504,201611280GSW,ATL,13.0,219.0
505,201611280GSW,GSW,-13.0,219.0
506,201611280MEM,MEM,-2.5,196.0
507,201611280MEM,CHO,2.5,196.0
508,201611280MIA,BOS,-3.5,198.0
509,201611280MIA,MIA,3.5,198.0
510,201611280MIN,UTA,-2.0,196.0
511,201611280MIN,MIN,2.0,196.0
512,201611280NYK,OKC,-0.0,215.0
513,201611280NYK,NYK,0.0,215.0
514,201611280TOR,TOR,-14.5,213.5
515,201611280TOR,PHI,14.5,213.5
516,201611280WAS,WAS,-4.5,210.5
517,201611280WAS,SAC,4.5,210.5
518,201611290BRK,LAC,-12.5,217.5
519,201611290BRK,BRK,12.5,217.5
520,201611290CHO,DET,3.0,198.0
521,201611290CHO,CHO,-3.0,198.0
522,201611290MIL,CLE,-6.5,212.5
523,201611290MIL,MIL,6.5,212.5
524,201611290NOP,LAL,5.0,217.5
525,201611290NOP,NOP,-5.0,217.5
526,201611290SAS,SAS,-13.5,196.5
527,201611290SAS,ORL,13.5,196.5
528,201611290UTA,HOU,-2.0,202.5
529,201611290UTA,UTA,2.0,202.5
530,201611300BOS,DET,7.5,197.5
531,201611300BOS,BOS,-7.5,197.5
532,201611300CHI,LAL,10.0,210.0
533,201611300CHI,CHI,-10.0,210.0
534,201611300DAL,DAL,9.0,192.0
535,201611300DAL,SAS,-9.0,192.0
536,201611300DEN,MIA,5.5,204.0
537,201611300DEN,DEN,-5.5,204.0
538,201611300MIN,NYK,3.5,211.5
539,201611300MIN,MIN,-3.5,211.5
540,201611300OKC,OKC,-6.0,212.0
541,201611300OKC,WAS,6.0,212.0
542,201611300PHI,SAC,-5.0,206.0
543,201611300PHI,PHI,5.0,206.0
544,201611300PHO,ATL,-5.5,208.5
545,201611300PHO,PHO,5.5,208.5
546,201611300POR,IND,8.0,215.0
547,201611300POR,POR,-8.0,215.0
548,201611300TOR,TOR,-11.5,195.0
549,201611300TOR,MEM,11.5,195.0
550,201612010BRK,MIL,-4.0,217.0
551,201612010BRK,BRK,4.0,217.0
552,201612010CHO,DAL,10.5,193.5
553,201612010CHO,CHO,-10.5,193.5
554,201612010CLE,CLE,-5.0,214.5
555,201612010CLE,LAC,5.0,214.5
556,201612010GSW,HOU,10.0,229.0
557,201612010GSW,GSW,-10.0,229.0
558,201612010MEM,ORL,-1.5,189.0
559,201612010MEM,MEM,1.5,189.0
560,201612010UTA,MIA,9.5,189.0
561,201612010UTA,UTA,-9.5,189.0
562,201612020ATL,ATL,-2.5,196.0
563,201612020ATL,DET,2.5,196.0
564,201612020BOS,SAC,6.5,208.0
565,201612020BOS,BOS,-6.5,208.0
566,201612020CHI,CHI,2.5,211.0
567,201612020CHI,CLE,-2.5,211.0
568,201612020DEN,HOU,2.5,220.5
569,201612020DEN,DEN,-2.5,220.5
570,201612020NOP,NOP,5.0,207.0
571,201612020NOP,LAC,-5.0,207.0
572,201612020NYK,MIN,2.5,210.0
573,201612020NYK,NYK,-2.5,210.0
574,201612020PHI,ORL,2.0,197.5
575,201612020PHI,PHI,-2.0,197.5
576,201612020SAS,WAS,9.5,202.0
577,201612020SAS,SAS,-9.5,202.0
578,201612020TOR,LAL,10.5,214.0
579,201612020TOR,TOR,-10.5,214.0
580,201612030CHO,MIN,6.5,207.0
581,201612030CHO,CHO,-6.5,207.0
582,201612030DAL,DAL,3.5,191.0
583,201612030DAL,CHI,-3.5,191.0
584,201612030GSW,GSW,-16.5,229.5
585,201612030GSW,PHO,16.5,229.5
586,201612030MEM,MEM,-2.0,200.5
587,201612030MEM,LAL,2.0,200.5
588,201612030MIL,MIL,-10.0,217.0
589,201612030MIL,BRK,10.0,217.0
590,201612030PHI,BOS,-9.5,205.0
591,201612030PHI,PHI,9.5,205.0
592,201612030POR,POR,-6.5,214.0
593,201612030POR,MIA,6.5,214.0
594,201612030TOR,TOR,-9.0,207.5
595,201612030TOR,ATL,9.0,207.5
596,201612030UTA,DEN,6.0,199.0
597,201612030UTA,UTA,-6.0,199.0
598,201612040DET,DET,-7.0,193.5
599,201612040DET,ORL,7.0,193.5
600,201612040LAC,IND,12.0,204.0
601,201612040LAC,LAC,-12.0,204.0
602,201612040NYK,SAC,2.5,211.0
603,201612040NYK,NYK,-2.5,211.0
604,201612040OKC,NOP,5.5,213.0
605,201612040OKC,OKC,-5.5,213.0
606,201612050ATL,OKC,1.0,211.0
607,201612050ATL,ATL,-1.0,211.0
608,201612050BRK,WAS,-5.5,219.5
609,201612050BRK,BRK,5.5,219.5
610,201612050CHI,CHI,-5.5,216.5
611,201612050CHI,POR,5.5,216.5
612,201612050DAL,DAL,4.5,190.5
613,201612050DAL,CHO,-4.5,190.5
614,201612050GSW,IND,14.0,223.0
615,201612050GSW,GSW,-14.0,223.0
616,201612050HOU,BOS,4.5,217.0
617,201612050HOU,HOU,-4.5,217.0
618,201612050LAL,UTA,-2.5,199.0
619,201612050LAL,LAL,2.5,199.0
620,201612050MIL,SAS,-5.5,206.5
621,201612050MIL,MIL,5.5,206.5
622,201612050NOP,MEM,3.5,197.0
623,201612050NOP,NOP,-3.5,197.0
624,201612050PHI,PHI,4.0,209.5
625,201612050PHI,DEN,-4.0,209.5
626,201612050TOR,TOR,-1.5,217.0
627,201612050TOR,CLE,1.5,217.0
628,201612060DET,DET,-5.0,198.5
629,201612060DET,CHI,5.0,198.5
630,201612060MEM,MEM,-8.0,193.5
631,201612060MEM,PHI,8.0,193.5
632,201612060MIA,NYK,1.0,204.5
633,201612060MIA,MIA,-1.0,204.5
634,201612060MIN,SAS,-4.0,206.5
635,201612060MIN,MIN,4.0,206.5
636,201612060UTA,PHO,7.0,205.0
637,201612060UTA,UTA,-7.0,205.0
638,201612060WAS,ORL,3.5,198.0
639,201612060WAS,WAS,-3.5,198.0
640,201612070ATL,ATL,-8.0,199.5
641,201612070ATL,MIA,8.0,199.5
642,201612070BRK,BRK,5.0,221.0
643,201612070BRK,DEN,-5.0,221.0
644,201612070CHO,DET,5.5,205.5
645,201612070CHO,CHO,-5.5,205.5
646,201612070DAL,SAC,-3.5,194.0
647,201612070DAL,DAL,3.5,194.0
648,201612070HOU,LAL,12.0,220.0
649,201612070HOU,HOU,-12.0,220.0
650,201612070LAC,GSW,-4.0,224.0
651,201612070LAC,LAC,4.0,224.0
652,201612070MIL,POR,2.0,217.5
653,201612070MIL,MIL,-2.0,217.5
654,201612070NYK,CLE,-8.5,218.0
655,201612070NYK,NYK,8.5,218.0
656,201612070ORL,ORL,3.0,201.5
657,201612070ORL,BOS,-3.0,201.5
658,201612070PHO,IND,-4.5,218.5
659,201612070PHO,PHO,4.5,218.5
660,201612080CHI,CHI,3.0,199.0
661,201612080CHI,SAS,-3.0,199.0
662,201612080MEM,POR,1.5,205.5
663,201612080MEM,MEM,-1.5,205.5
664,201612080NOP,PHI,9.0,204.0
665,201612080NOP,NOP,-9.0,204.0
666,201612080TOR,MIN,7.0,214.0
667,201612080TOR,TOR,-7.0,214.0
668,201612080UTA,GSW,-5.5,213.0
669,201612080UTA,UTA,5.5,213.0
670,201612080WAS,WAS,-6.0,217.5
671,201612080WAS,DEN,6.0,217.5
672,201612090BOS,BOS,-2.5,207.0
673,201612090BOS,TOR,2.5,207.0
674,201612090CHO,ORL,7.0,200.5
675,201612090CHO,CHO,-7.0,200.5
676,201612090CLE,MIA,13.0,210.5
677,201612090CLE,CLE,-13.0,210.5
678,201612090DAL,DAL,4.5,200.5
679,201612090DAL,IND,-4.5,200.5
680,201612090LAL,PHO,2.0,217.0
681,201612090LAL,LAL,-2.0,217.0
682,201612090MIL,ATL,3.0,208.0
683,201612090MIL,MIL,-3.0,208.0
684,201612090MIN,DET,-2.5,204.0
685,201612090MIN,MIN,2.5,204.0
686,201612090OKC,HOU,-0.0,224.5
687,201612090OKC,OKC,0.0,224.5
688,201612090SAC,NYK,4.0,211.0
689,201612090SAC,SAC,-4.0,211.0
690,201612100CHI,MIA,10.5,198.5
691,201612100CHI,CHI,-10.5,198.5
692,201612100CLE,CLE,-8.0,212.0
693,201612100CLE,CHO,8.0,212.0
694,201612100HOU,DAL,14.0,208.5
695,201612100HOU,HOU,-14.0,208.5
696,201612100IND,POR,-0.0,217.0
697,201612100IND,IND,0.0,217.0
698,201612100LAC,LAC,-13.0,205.0
699,201612100LAC,NOP,13.0,205.0
700,201612100MEM,GSW,-10.0,209.5
701,201612100MEM,MEM,10.0,209.5
702,201612100ORL,ORL,2.5,205.0
703,201612100ORL,DEN,-2.5,205.0
704,201612100SAS,SAS,-14.0,210.0
705,201612100SAS,BRK,14.0,210.0
706,201612100UTA,SAC,7.0,198.5
707,201612100UTA,UTA,-7.0,198.5
708,201612100WAS,MIL,4.5,209.0
709,201612100WAS,WAS,-4.5,209.0
710,201612110DET,PHI,12.5,201.0
711,201612110DET,DET,-12.5,201.0
712,201612110LAL,NYK,-2.0,217.5
713,201612110LAL,LAL,2.0,217.5
714,201612110MIN,GSW,-9.0,223.0
715,201612110MIN,MIN,9.0,223.0
716,201612110OKC,BOS,4.0,209.0
717,201612110OKC,OKC,-4.0,209.0
718,201612110PHO,NOP,4.5,208.5
719,201612110PHO,PHO,-4.5,208.5
720,201612120DAL,DAL,1.0,201.5
721,201612120DAL,DEN,-1.0,201.5
722,201612120HOU,BRK,14.0,226.5
723,201612120HOU,HOU,-14.0,226.5
724,201612120IND,CHO,2.5,212.0
725,201612120IND,IND,-2.5,212.0
726,201612120LAC,POR,9.5,217.5
727,201612120LAC,LAC,-9.5,217.5
728,201612120MIA,WAS,-1.0,205.0
729,201612120MIA,MIA,1.0,205.0
730,201612120SAC,LAL,7.0,216.5
731,201612120SAC,SAC,-7.0,216.5
732,201612120TOR,MIL,8.5,213.0
733,201612120TOR,TOR,-8.5,213.0
734,201612130ATL,ORL,6.5,197.5
735,201612130ATL,ATL,-6.5,197.5
736,201612130CHI,MIN,7.0,208.5
737,201612130CHI,CHI,-7.0,208.5
738,201612130CLE,MEM,13.0,201.5
739,201612130CLE,CLE,-13.0,201.5
740,201612130NOP,GSW,-10.0,225.0
741,201612130NOP,NOP,10.0,225.0
742,201612130PHO,NYK,-3.5,220.5
743,201612130PHO,PHO,3.5,220.5
744,201612130POR,POR,1.0,219.5
745,201612130POR,OKC,-1.0,219.5
746,201612140BRK,LAL,1.5,228.0
747,201612140BRK,BRK,-1.5,228.0
748,201612140DAL,DAL,4.5,189.5
749,201612140DAL,DET,-4.5,189.5
750,201612140HOU,SAC,9.5,216.0
751,201612140HOU,HOU,-9.5,216.0
752,201612140MEM,CLE,6.5,192.0
753,201612140MEM,MEM,-6.5,192.0
754,201612140MIA,IND,1.5,205.0
755,201612140MIA,MIA,-1.5,205.0
756,201612140ORL,LAC,-9.0,207.5
757,201612140ORL,ORL,9.0,207.5
758,201612140PHI,TOR,-8.5,206.5
759,201612140PHI,PHI,8.5,206.5
760,201612140SAS,BOS,8.0,201.5
761,201612140SAS,SAS,-8.0,201.5
762,201612140UTA,OKC,5.5,199.0
763,201612140UTA,UTA,-5.5,199.0
764,201612140WAS,CHO,-0.0,212.0
765,201612140WAS,WAS,0.0,212.0
766,201612150DEN,POR,1.5,220.5
767,201612150DEN,DEN,-1.5,220.5
768,201612150GSW,NYK,14.0,224.0
769,201612150GSW,GSW,-14.0,224.0
770,201612150MIL,CHI,2.5,209.5
771,201612150MIL,MIL,-2.5,209.5
772,201612150NOP,IND,3.0,209.5
773,201612150NOP,NOP,-3.0,209.5
774,201612150PHO,SAS,-7.5,210.0
775,201612150PHO,PHO,7.5,210.0
776,201612160BOS,BOS,-7.5,206.0
777,201612160BOS,CHO,7.5,206.0
778,201612160CHI,CHI,-4.5,206.5
779,201612160CHI,MIL,4.5,206.5
780,201612160HOU,NOP,11.5,220.0
781,201612160HOU,HOU,-11.5,220.0
782,201612160MEM,MEM,-5.5,194.0
783,201612160MEM,SAC,5.5,194.0
784,201612160MIA,MIA,7.0,208.0
785,201612160MIA,LAC,-7.0,208.0
786,201612160ORL,BRK,6.5,218.0
787,201612160ORL,ORL,-6.5,218.0
788,201612160PHI,LAL,1.0,208.0
789,201612160PHI,PHI,-1.0,208.0
790,201612160TOR,ATL,7.0,214.5
791,201612160TOR,TOR,-7.0,214.5
792,201612160UTA,DAL,11.5,187.5
793,201612160UTA,UTA,-11.5,187.5
794,201612160WAS,WAS,1.0,203.0
795,201612160WAS,DET,-1.0,203.0
796,201612170ATL,ATL,-2.0,208.5
797,201612170ATL,CHO,2.0,208.5
798,201612170CLE,CLE,-16.0,218.0
799,201612170CLE,LAL,16.0,218.0
800,201612170DEN,NYK,2.5,217.5
801,201612170DEN,DEN,-2.5,217.5
802,201612170DET,IND,4.0,199.5
803,201612170DET,DET,-4.0,199.5
804,201612170GSW,POR,13.5,230.5
805,201612170GSW,GSW,-13.5,230.5
806,201612170MIN,HOU,-3.5,221.0
807,201612170MIN,MIN,3.5,221.0
808,201612170OKC,OKC,-8.0,214.5
809,201612170OKC,PHO,8.0,214.5
810,201612180DAL,SAC,1.5,193.5
811,201612180DAL,DAL,-1.5,193.5
812,201612180MEM,MEM,1.5,185.5
813,201612180MEM,UTA,-1.5,185.5
814,201612180MIA,BOS,-4.0,201.5
815,201612180MIA,MIA,4.0,201.5
816,201612180ORL,TOR,-5.5,218.0
817,201612180ORL,ORL,5.5,218.0
818,201612180PHI,BRK,2.5,216.0
819,201612180PHI,PHI,-2.5,216.0
820,201612180SAS,NOP,12.0,200.0
821,201612180SAS,SAS,-12.0,200.0
822,201612180WAS,WAS,5.0,216.0
823,201612180WAS,LAC,-5.0,216.0
824,201612190CHI,CHI,-3.0,195.0
825,201612190CHI,DET,3.0,195.0
826,201612190DEN,DAL,8.5,205.0
827,201612190DEN,DEN,-8.5,205.0
828,201612190IND,IND,-6.0,212.0
829,201612190IND,WAS,6.0,212.0
830,201612190MIN,PHO,5.0,214.0
831,201612190MIN,MIN,-5.0,214.0
832,201612190OKC,ATL,2.5,210.0
833,201612190OKC,OKC,-2.5,210.0
834,201612200CHO,LAL,9.5,212.5
835,201612200CHO,CHO,-9.5,212.5
836,201612200GSW,GSW,-11.0,210.0
837,201612200GSW,UTA,11.0,210.0
838,201612200HOU,SAS,1.0,214.5
839,201612200HOU,HOU,-1.0,214.5
840,201612200LAC,LAC,-9.0,215.0
841,201612200LAC,DEN,9.0,215.0
842,201612200MEM,BOS,-2.0,193.0
843,201612200MEM,MEM,2.0,193.0
844,201612200MIA,ORL,2.5,197.5
845,201612200MIA,MIA,-2.5,197.5
846,201612200MIL,CLE,-3.5,211.0
847,201612200MIL,MIL,3.5,211.0
848,201612200NYK,IND,5.5,210.5
849,201612200NYK,NYK,-5.5,210.5
850,201612200PHI,PHI,2.5,207.0
851,201612200PHI,NOP,-2.5,207.0
852,201612200SAC,SAC,1.0,213.0
853,201612200SAC,POR,-1.0,213.0
854,201612200TOR,TOR,-15.5,223.5
855,201612200TOR,BRK,15.5,223.5
856,201612210ATL,MIN,5.0,212.0
857,201612210ATL,ATL,-5.0,212.0
858,201612210CHI,WAS,4.0,207.0
859,201612210CHI,CHI,-4.0,207.0
860,201612210CLE,MIL,8.0,210.5
861,201612210CLE,CLE,-8.0,210.5
862,201612210DET,MEM,6.5,183.5
863,201612210DET,DET,-6.5,183.5
864,201612210NOP,OKC,-2.0,209.0
865,201612210NOP,NOP,2.0,209.0
866,201612210PHO,HOU,-5.5,222.5
867,201612210PHO,PHO,5.5,222.5
868,201612210POR,DAL,6.0,209.0
869,201612210POR,POR,-6.0,209.0
870,201612210UTA,SAC,7.0,192.5
871,201612210UTA,UTA,-7.0,192.5
872,201612220BRK,GSW,-14.0,232.0
873,201612220BRK,BRK,14.0,232.0
874,201612220IND,BOS,-1.0,211.0
875,201612220IND,IND,1.0,211.0
876,201612220LAC,SAS,-1.0,205.0
877,201612220LAC,LAC,1.0,205.0
878,201612220MIA,LAL,4.5,208.0
879,201612220MIA,MIA,-4.5,208.0
880,201612220NYK,ORL,5.5,212.5
881,201612220NYK,NYK,-5.5,212.5
882,201612230BOS,OKC,4.0,209.0
883,201612230BOS,BOS,-4.0,209.0
884,201612230CHO,CHI,3.5,203.0
885,201612230CHO,CHO,-3.5,203.0
886,201612230CLE,CLE,-16.0,221.0
887,201612230CLE,BRK,16.0,221.0
888,201612230DEN,DEN,-4.0,221.5
889,201612230DEN,ATL,4.0,221.5
890,201612230DET,GSW,-6.5,212.5
891,201612230DET,DET,6.5,212.5
892,201612230LAC,DAL,5.5,195.5
893,201612230LAC,LAC,-5.5,195.5
894,201612230MEM,HOU,-3.5,205.0
895,201612230MEM,MEM,3.5,205.0
896,201612230MIL,WAS,3.0,213.5
897,201612230MIL,MIL,-3.0,213.5
898,201612230MIN,SAC,3.5,208.5
899,201612230MIN,MIN,-3.5,208.5
900,201612230NOP,MIA,5.0,205.5
901,201612230NOP,NOP,-5.0,205.5
902,201612230ORL,LAL,4.5,213.0
903,201612230ORL,ORL,-4.5,213.0
904,201612230PHO,PHI,4.0,210.0
905,201612230PHO,PHO,-4.0,210.0
906,201612230POR,POR,2.0,210.5
907,201612230POR,SAS,-2.0,210.5
908,201612230UTA,TOR,-1.5,201.0
909,201612230UTA,UTA,1.5,201.0
910,201612250CLE,GSW,-1.5,223.0
911,201612250CLE,CLE,1.5,223.0
912,201612250LAL,LAL,6.0,215.0
913,201612250LAL,LAC,-6.0,215.0
914,201612250NYK,BOS,-1.5,212.0
915,201612250NYK,NYK,1.5,212.0
916,201612250OKC,OKC,-5.0,212.0
917,201612250OKC,MIN,5.0,212.0
918,201612250SAS,CHI,8.5,200.0
919,201612250SAS,SAS,-8.5,200.0
920,201612260BRK,BRK,7.0,216.0
921,201612260BRK,CHO,-7.0,216.0
922,201612260CHI,CHI,-2.0,206.0
923,201612260CHI,IND,2.0,206.0
924,201612260DET,CLE,6.0,198.0
925,201612260DET,DET,-6.0,198.0
926,201612260HOU,HOU,-13.0,228.0
927,201612260HOU,PHO,13.0,228.0
928,201612260LAC,LAC,2.0,211.0
929,201612260LAC,DEN,-2.0,211.0
930,201612260MIN,MIN,-2.0,212.0
931,201612260MIN,ATL,2.0,212.0
932,201612260NOP,NOP,-4.5,197.0
933,201612260NOP,DAL,4.5,197.0
934,201612260ORL,ORL,1.0,193.5
935,201612260ORL,MEM,-1.0,193.5
936,201612260POR,TOR,-4.5,217.5
937,201612260POR,POR,4.5,217.5
938,201612260SAC,PHI,8.0,205.5
939,201612260SAC,SAC,-8.0,205.5
940,201612260WAS,WAS,-5.0,214.0
941,201612260WAS,MIL,5.0,214.0
942,201612270BOS,MEM,6.5,198.0
943,201612270BOS,BOS,-6.5,198.0
944,201612270DAL,DAL,6.0,210.0
945,201612270DAL,HOU,-6.0,210.0
946,201612270LAL,UTA,-4.5,204.5
947,201612270LAL,LAL,4.5,204.5
948,201612270MIA,OKC,-2.5,205.0
949,201612270MIA,MIA,2.5,205.0
950,201612290CHO,MIA,6.0,200.5
951,201612290CHO,CHO,-6.0,200.5
952,201612290CLE,BOS,6.0,215.0
953,201612290CLE,CLE,-6.0,215.0
954,201612290LAL,LAL,-2.5,203.5
955,201612290LAL,DAL,2.5,203.5
956,201612290MEM,OKC,2.0,198.5
957,201612290MEM,MEM,-2.0,198.5
958,201612290PHO,TOR,-8.0,220.5
959,201612290PHO,PHO,8.0,220.5
960,201612290UTA,UTA,-12.5,196.0
961,201612290UTA,PHI,12.5,196.0
962,201612300ATL,ATL,-3.5,201.5
963,201612300ATL,DET,3.5,201.5
964,201612300BOS,BOS,-9.5,204.5
965,201612300BOS,MIA,9.5,204.5
966,201612300DEN,DEN,-11.5,210.5
967,201612300DEN,PHI,11.5,210.5
968,201612300GSW,GSW,-18.0,211.5
969,201612300GSW,DAL,18.0,211.5
970,201612300HOU,LAC,5.0,218.5
971,201612300HOU,HOU,-5.0,218.5
972,201612300IND,IND,-4.0,202.0
973,201612300IND,CHI,4.0,202.0
974,201612300MIN,MIL,-0.0,209.0
975,201612300MIN,MIN,0.0,209.0
976,201612300NOP,NYK,2.0,212.0
977,201612300NOP,NOP,-2.0,212.0
978,201612300SAS,POR,13.0,207.0
979,201612300SAS,SAS,-13.0,207.0
980,201612300WAS,BRK,8.0,221.5
981,201612300WAS,WAS,-8.0,221.5
982,201612310CHI,MIL,2.5,202.0
983,201612310CHI,CHI,-2.5,202.0
984,201612310CHO,CLE,-3.0,214.5
985,201612310CHO,CHO,3.0,214.5
986,201612310HOU,NYK,9.5,221.0
987,201612310HOU,HOU,-9.5,221.0
988,201612310OKC,OKC,-5.5,206.5
989,201612310OKC,LAC,5.5,206.5
990,201612310SAC,SAC,-1.5,194.0
991,201612310SAC,MEM,1.5,194.0
992,201612310UTA,UTA,-10.5,206.0
993,201612310UTA,PHO,10.5,206.0
994,201701010ATL,SAS,-3.5,207.0
995,201701010ATL,ATL,3.5,207.0
996,201701010IND,ORL,6.0,207.0
997,201701010IND,IND,-6.0,207.0
998,201701010LAL,LAL,8.5,217.5
999,201701010LAL,TOR,-8.5,217.5
1000,201701010MIA,DET,-3.5,196.0
1001,201701010MIA,MIA,3.5,196.0
1002,201701010MIN,MIN,-5.5,209.5
1003,201701010MIN,POR,5.5,209.5
1004,201701020BRK,UTA,-6.5,204.5
1005,201701020BRK,BRK,6.5,204.5
1006,201701020CHI,CHI,0.0,203.0
1007,201701020CHI,CHO,-0.0,203.0
1008,201701020CLE,NOP,10.0,214.5
1009,201701020CLE,CLE,-10.0,214.5
1010,201701020GSW,GSW,-14.5,227.5
1011,201701020GSW,DEN,14.5,227.5
1012,201701020HOU,HOU,-9.0,228.0
1013,201701020HOU,WAS,9.0,228.0
1014,201701020LAC,PHO,5.5,209.0
1015,201701020LAC,LAC,-5.5,209.0
1016,201701020MIL,MIL,-1.5,211.0
1017,201701020MIL,OKC,1.5,211.0
1018,201701020NYK,NYK,-4.5,209.0
1019,201701020NYK,ORL,4.5,209.0
1020,201701030BOS,UTA,6.0,201.0
1021,201701030BOS,BOS,-6.0,201.0
1022,201701030DAL,DAL,1.0,201.0
1023,201701030DAL,WAS,-1.0,201.0
1024,201701030DEN,DEN,-1.0,214.5
1025,201701030DEN,SAC,1.0,214.5
1026,201701030DET,IND,4.0,203.0
1027,201701030DET,DET,-4.0,203.0
1028,201701030LAL,LAL,3.0,202.5
1029,201701030LAL,MEM,-3.0,202.5
1030,201701030PHI,PHI,4.0,203.5
1031,201701030PHI,MIN,-4.0,203.5
1032,201701030PHO,MIA,2.5,208.5
1033,201701030PHO,PHO,-2.5,208.5
1034,201701030SAS,SAS,-5.5,211.0
1035,201701030SAS,TOR,5.5,211.0
1036,201701040CHO,OKC,2.5,209.0
1037,201701040CHO,CHO,-2.5,209.0
1038,201701040CLE,CHI,8.0,208.0
1039,201701040CLE,CLE,-8.0,208.0
1040,201701040GSW,POR,15.5,224.5
1041,201701040GSW,GSW,-15.5,224.5
1042,201701040LAC,MEM,1.0,198.5
1043,201701040LAC,LAC,-1.0,198.5
1044,201701040NYK,MIL,-0.0,213.0
1045,201701040NYK,NYK,0.0,213.0
1046,201701040ORL,ATL,-3.5,205.0
1047,201701040ORL,ORL,3.5,205.0
1048,201701040SAC,MIA,8.5,202.5
1049,201701040SAC,SAC,-8.5,202.5
1050,201701050DAL,DAL,-5.5,204.5
1051,201701050DAL,PHO,5.5,204.5
1052,201701050DEN,DEN,7.0,213.0
1053,201701050DEN,SAS,-7.0,213.0
1054,201701050DET,CHO,4.0,205.0
1055,201701050DET,DET,-4.0,205.0
1056,201701050HOU,HOU,-8.5,225.0
1057,201701050HOU,OKC,8.5,225.0
1058,201701050IND,BRK,10.5,218.5
1059,201701050IND,IND,-10.5,218.5
1060,201701050NOP,ATL,3.0,206.0
1061,201701050NOP,NOP,-3.0,206.0
1062,201701050POR,LAL,5.0,214.5
1063,201701050POR,POR,-5.0,214.5
1064,201701050TOR,TOR,-5.5,202.0
1065,201701050TOR,UTA,5.5,202.0
1066,201701060BOS,BOS,-12.5,213.0
1067,201701060BOS,PHI,12.5,213.0
1068,201701060BRK,CLE,-12.5,222.0
1069,201701060BRK,BRK,12.5,222.0
1070,201701060GSW,GSW,-13.5,214.5
1071,201701060GSW,MEM,13.5,214.5
1072,201701060LAL,LAL,-3.5,210.0
1073,201701060LAL,MIA,3.5,210.0
1074,201701060MIL,NYK,6.0,213.5
1075,201701060MIL,MIL,-6.0,213.5
1076,201701060ORL,HOU,-5.5,222.5
1077,201701060ORL,ORL,5.5,222.5
1078,201701060SAC,LAC,1.5,206.0
1079,201701060SAC,SAC,-1.5,206.0
1080,201701060WAS,MIN,5.0,212.0
1081,201701060WAS,WAS,-5.0,212.0
1082,201701070BOS,BOS,-7.0,215.0
1083,201701070BOS,NOP,7.0,215.0
1084,201701070CHI,CHI,2.0,208.0
1085,201701070CHI,TOR,-2.0,208.0
1086,201701070DAL,DAL,2.0,196.5
1087,201701070DAL,ATL,-2.0,196.5
1088,201701070IND,IND,-7.0,216.0
1089,201701070IND,NYK,7.0,216.0
1090,201701070MIN,UTA,-3.0,195.5
1091,201701070MIN,MIN,3.0,195.5
1092,201701070OKC,DEN,7.5,218.5
1093,201701070OKC,OKC,-7.5,218.5
1094,201701070POR,DET,3.0,212.0
1095,201701070POR,POR,-3.0,212.0
1096,201701070SAS,CHO,10.5,207.0
1097,201701070SAS,SAS,-10.5,207.0
1098,201701080BRK,PHI,2.5,214.5
1099,201701080BRK,BRK,-2.5,214.5
1100,201701080LAC,LAC,-9.5,207.5
1101,201701080LAC,MIA,9.5,207.5
1102,201701080LAL,ORL,2.0,216.0
1103,201701080LAL,LAL,-2.0,216.0
1104,201701080MEM,UTA,3.0,187.5
1105,201701080MEM,MEM,-3.0,187.5
1106,201701080MIL,WAS,4.0,213.0
1107,201701080MIL,MIL,-4.0,213.0
1108,201701080PHO,CLE,-9.0,219.0
1109,201701080PHO,PHO,9.0,219.0
1110,201701080POR,DET,3.5,214.5
1111,201701080POR,POR,-3.5,214.5
1112,201701080SAC,GSW,-10.5,222.5
1113,201701080SAC,SAC,10.5,222.5
1114,201701080TOR,HOU,-2.5,224.5
1115,201701080TOR,TOR,2.5,224.5
1116,201701090CHI,CHI,-1.5,207.0
1117,201701090CHI,OKC,1.5,207.0
1118,201701090MIN,DAL,5.0,196.0
1119,201701090MIN,MIN,-5.0,196.0
1120,201701090NYK,NYK,-4.0,215.5
1121,201701090NYK,NOP,4.0,215.5
1122,201701100BRK,ATL,-7.0,214.0
1123,201701100BRK,BRK,7.0,214.0
1124,201701100GSW,GSW,-15.5,218.0
1125,201701100GSW,MIA,15.5,218.0
1126,201701100HOU,CHO,9.5,223.5
1127,201701100HOU,HOU,-9.5,223.5
1128,201701100LAL,LAL,1.0,223.0
1129,201701100LAL,POR,-1.0,223.0
1130,201701100SAC,DET,2.0,206.0
1131,201701100SAC,SAC,-2.0,206.0
1132,201701100SAS,MIL,10.0,205.5
1133,201701100SAS,SAS,-10.0,205.5
1134,201701100TOR,TOR,-4.5,218.0
1135,201701100TOR,BOS,4.5,218.0
1136,201701100UTA,UTA,3.0,201.5
1137,201701100UTA,CLE,-3.0,201.5
1138,201701100WAS,WAS,-10.0,218.0
1139,201701100WAS,CHI,10.0,218.0
1140,201701110BOS,BOS,-5.5,217.0
1141,201701110BOS,WAS,5.5,217.0
1142,201701110LAC,ORL,9.5,209.0
1143,201701110LAC,LAC,-9.5,209.0
1144,201701110MIN,HOU,-4.0,219.0
1145,201701110MIN,MIN,4.0,219.0
1146,201701110OKC,MEM,5.0,204.5
1147,201701110OKC,OKC,-5.0,204.5
1148,201701110PHI,NYK,-2.0,210.0
1149,201701110PHI,PHI,2.0,210.0
1150,201701110POR,CLE,-3.5,221.0
1151,201701110POR,POR,3.5,221.0
1152,201701120BRK,NOP,-5.0,215.5
1153,201701120BRK,BRK,5.0,215.5
1154,201701120DEN,DEN,4.0,223.0
1155,201701120DEN,IND,-4.0,223.0
1156,201701120GSW,DET,12.5,218.5
1157,201701120GSW,GSW,-12.5,218.5
1158,201701120NYK,CHI,3.0,203.5
1159,201701120NYK,NYK,-3.0,203.5
1160,201701120PHO,DAL,-0.0,201.5
1161,201701120PHO,PHO,0.0,201.5
1162,201701120SAS,LAL,14.5,210.5
1163,201701120SAS,SAS,-14.5,210.5
1164,201701130ATL,ATL,-2.5,212.5
1165,201701130ATL,BOS,2.5,212.5
1166,201701130HOU,MEM,7.0,214.0
1167,201701130HOU,HOU,-7.0,214.0
1168,201701130MIL,MIA,7.0,204.5
1169,201701130MIL,MIL,-7.0,204.5
1170,201701130MIN,MIN,2.0,209.0
1171,201701130MIN,OKC,-2.0,209.0
1172,201701130PHI,PHI,4.5,209.5
1173,201701130PHI,CHO,-4.5,209.5
1174,201701130POR,ORL,7.0,213.5
1175,201701130POR,POR,-7.0,213.5
1176,201701130SAC,CLE,-6.5,211.0
1177,201701130SAC,SAC,6.5,211.0
1178,201701130TOR,TOR,-16.0,222.0
1179,201701130TOR,BRK,16.0,222.0
1180,201701130UTA,DET,9.5,192.5
1181,201701130UTA,UTA,-9.5,192.5
1182,201701140CHI,NOP,2.0,204.0
1183,201701140CHI,CHI,-2.0,204.0
1184,201701140LAC,LAL,11.0,217.0
1185,201701140LAC,LAC,-11.0,217.0
1186,201701140PHO,PHO,11.5,214.0
1187,201701140PHO,SAS,-11.5,214.0
1188,201701140UTA,UTA,-10.5,196.0
1189,201701140UTA,ORL,10.5,196.0
1190,201701140WAS,PHI,9.5,206.5
1191,201701140WAS,WAS,-9.5,206.5
1192,201701150ATL,MIL,3.0,207.5
1193,201701150ATL,ATL,-3.0,207.5
1194,201701150BRK,HOU,-12.5,231.5
1195,201701150BRK,BRK,12.5,231.5
1196,201701150DAL,MIN,1.0,195.5
1197,201701150DAL,DAL,-1.0,195.5
1198,201701150LAL,LAL,2.0,213.5
1199,201701150LAL,DET,-2.0,213.5
1200,201701150MEM,CHI,7.5,191.5
1201,201701150MEM,MEM,-7.5,191.5
1202,201701150SAC,SAC,1.5,212.0
1203,201701150SAC,OKC,-1.5,212.0
1204,201701150TOR,NYK,9.5,218.0
1205,201701150TOR,TOR,-9.5,218.0
1206,201701160BOS,BOS,-5.0,217.0
1207,201701160BOS,CHO,5.0,217.0
1208,201701160DEN,ORL,5.0,221.5
1209,201701160DEN,DEN,-5.0,221.5
1210,201701160GSW,GSW,-8.0,224.5
1211,201701160GSW,CLE,8.0,224.5
1212,201701160IND,NOP,5.5,214.0
1213,201701160IND,IND,-5.5,214.0
1214,201701160LAC,LAC,-7.5,211.5
1215,201701160LAC,OKC,7.5,211.5
1216,201701160MIL,MIL,-7.0,206.5
1217,201701160MIL,PHI,7.0,206.5
1218,201701160NYK,NYK,3.0,209.0
1219,201701160NYK,ATL,-3.0,209.0
1220,201701160PHO,UTA,-5.5,202.0
1221,201701160PHO,PHO,5.5,202.0
1222,201701160WAS,WAS,-3.5,220.0
1223,201701160WAS,POR,3.5,220.0
1224,201701170BRK,TOR,-11.0,227.0
1225,201701170BRK,BRK,11.0,227.0
1226,201701170CHI,DAL,6.0,196.5
1227,201701170CHI,CHI,-6.0,196.5
1228,201701170LAL,LAL,-1.5,228.0
1229,201701170LAL,DEN,1.5,228.0
1230,201701170MIA,HOU,-7.5,220.0
1231,201701170MIA,MIA,7.5,220.0
1232,201701170SAS,SAS,-11.0,202.0
1233,201701170SAS,MIN,11.0,202.0
1234,201701180BOS,NYK,8.0,220.0
1235,201701180BOS,BOS,-8.0,220.0
1236,201701180CHO,POR,4.5,215.5
1237,201701180CHO,CHO,-4.5,215.5
1238,201701180DET,ATL,-1.5,203.5
1239,201701180DET,DET,1.5,203.5
1240,201701180GSW,GSW,-12.5,227.0
1241,201701180GSW,OKC,12.5,227.0
1242,201701180HOU,HOU,-6.5,224.5
1243,201701180HOU,MIL,6.5,224.5
1244,201701180NOP,ORL,5.0,209.5
1245,201701180NOP,NOP,-5.0,209.5
1246,201701180PHI,TOR,-5.5,213.0
1247,201701180PHI,PHI,5.5,213.0
1248,201701180SAC,IND,1.0,214.5
1249,201701180SAC,SAC,-1.0,214.5
1250,201701180WAS,WAS,-3.0,205.0
1251,201701180WAS,MEM,3.0,205.0
1252,201701190CLE,PHO,11.5,219.0
1253,201701190CLE,CLE,-11.5,219.0
1254,201701190LAC,LAC,-2.0,205.0
1255,201701190LAC,MIN,2.0,205.0
1256,201701190MIA,DAL,1.5,197.0
1257,201701190MIA,MIA,-1.5,197.0
1258,201701190NYK,WAS,-2.0,218.5
1259,201701190NYK,NYK,2.0,218.5
1260,201701190SAS,SAS,-12.5,219.0
1261,201701190SAS,DEN,12.5,219.0
1262,201701200ATL,CHI,5.0,203.5
1263,201701200ATL,ATL,-5.0,203.5
1264,201701200CHO,TOR,-0.0,215.5
1265,201701200CHO,CHO,0.0,215.5
1266,201701200DAL,DAL,5.5,187.5
1267,201701200DAL,UTA,-5.5,187.5
1268,201701200HOU,HOU,4.5,236.5
1269,201701200HOU,GSW,-4.5,236.5
1270,201701200LAL,LAL,3.0,220.0
1271,201701200LAL,IND,-3.0,220.0
1272,201701200MEM,MEM,-7.0,202.0
1273,201701200MEM,SAC,7.0,202.0
1274,201701200NOP,NOP,-10.0,219.5
1275,201701200NOP,BRK,10.0,219.5
1276,201701200ORL,ORL,2.5,209.0
1277,201701200ORL,MIL,-2.5,209.0
1278,201701200PHI,POR,-1.5,209.5
1279,201701200PHI,PHI,1.5,209.5
1280,201701210ATL,ATL,-9.5,200.0
1281,201701210ATL,PHI,9.5,200.0
1282,201701210BOS,BOS,-8.0,218.0
1283,201701210BOS,POR,8.0,218.0
1284,201701210CHI,CHI,-6.0,204.0
1285,201701210CHI,SAC,6.0,204.0
1286,201701210CHO,BRK,12.0,220.0
1287,201701210CHO,CHO,-12.0,220.0
1288,201701210CLE,CLE,-2.0,211.5
1289,201701210CLE,SAS,2.0,211.5
1290,201701210DEN,DEN,-3.5,220.0
1291,201701210DEN,LAC,3.5,220.0
1292,201701210DET,DET,-1.5,211.0
1293,201701210DET,WAS,1.5,211.0
1294,201701210MEM,HOU,-1.0,216.5
1295,201701210MEM,MEM,1.0,216.5
1296,201701210MIA,MIA,-1.5,206.0
1297,201701210MIA,MIL,1.5,206.0
1298,201701210NYK,NYK,-5.5,220.0
1299,201701210NYK,PHO,5.5,220.0
1300,201701210UTA,IND,6.0,203.0
1301,201701210UTA,UTA,-6.0,203.0
1302,201701220DAL,LAL,5.5,206.5
1303,201701220DAL,DAL,-5.5,206.5
1304,201701220MIN,MIN,-4.5,221.0
1305,201701220MIN,DEN,4.5,221.0
1306,201701220ORL,GSW,-12.5,224.0
1307,201701220ORL,ORL,12.5,224.0
1308,201701220TOR,PHO,11.5,221.5
1309,201701220TOR,TOR,-11.5,221.5
1310,201701230ATL,ATL,-7.0,205.0
1311,201701230ATL,LAC,7.0,205.0
1312,201701230BRK,SAS,-12.0,217.0
1313,201701230BRK,BRK,12.0,217.0
1314,201701230CHO,WAS,4.0,213.5
1315,201701230CHO,CHO,-4.0,213.5
1316,201701230DET,SAC,5.0,202.5
1317,201701230DET,DET,-5.0,202.5
1318,201701230IND,IND,6.5,219.0
1319,201701230IND,NYK,-6.5,219.0
1320,201701230MIA,MIA,11.0,216.0
1321,201701230MIA,GSW,-11.0,216.0
1322,201701230MIL,HOU,-5.0,223.0
1323,201701230MIL,MIL,5.0,223.0
1324,201701230NOP,CLE,-6.5,216.5
1325,201701230NOP,NOP,6.5,216.5
1326,201701230UTA,UTA,-6.0,203.0
1327,201701230UTA,OKC,6.0,203.0
1328,201701240DEN,UTA,2.0,211.5
1329,201701240DEN,DEN,-2.0,211.5
1330,201701240ORL,CHI,-2.5,206.0
1331,201701240ORL,ORL,2.5,206.0
1332,201701240PHI,LAC,-2.0,200.5
1333,201701240PHI,PHI,2.0,200.5
1334,201701240PHO,MIN,1.0,212.0
1335,201701240PHO,PHO,-1.0,212.0
1336,201701240TOR,SAS,-2.5,207.0
1337,201701240TOR,TOR,2.5,207.0
1338,201701240WAS,BOS,-1.0,220.0
1339,201701240WAS,WAS,1.0,220.0
1340,201701250BOS,BOS,2.5,230.0
1341,201701250BOS,HOU,-2.5,230.0
1342,201701250BRK,MIA,-4.0,213.5
1343,201701250BRK,BRK,4.0,213.5
1344,201701250CHI,CHI,1.5,203.0
1345,201701250CHI,ATL,-1.5,203.0
1346,201701250CHO,CHO,9.0,221.5
1347,201701250CHO,GSW,-9.0,221.5
1348,201701250CLE,CLE,-11.0,214.0
1349,201701250CLE,SAC,11.0,214.0
1350,201701250DAL,DAL,-2.5,204.0
1351,201701250DAL,NYK,2.5,204.0
1352,201701250MEM,TOR,6.0,200.5
1353,201701250MEM,MEM,-6.0,200.5
1354,201701250MIL,MIL,-11.5,209.0
1355,201701250MIL,PHI,11.5,209.0
1356,201701250NOP,OKC,-1.5,215.5
1357,201701250NOP,NOP,1.5,215.5
1358,201701250POR,LAL,10.0,220.0
1359,201701250POR,POR,-10.0,220.0
1360,201701260DEN,DEN,-3.5,229.0
1361,201701260DEN,PHO,3.5,229.0
1362,201701260MIN,IND,3.5,211.5
1363,201701260MIN,MIN,-3.5,211.5
1364,201701260OKC,DAL,8.0,201.5
1365,201701260OKC,OKC,-8.0,201.5
1366,201701260UTA,LAL,13.0,202.0
1367,201701260UTA,UTA,-13.0,202.0
1368,201701270ATL,ATL,-4.0,212.0
1369,201701270ATL,WAS,4.0,212.0
1370,201701270BOS,BOS,-9.0,214.5
1371,201701270BOS,ORL,9.0,214.5
1372,201701270CHI,MIA,6.0,202.5
1373,201701270CHI,CHI,-6.0,202.5
1374,201701270CLE,BRK,14.5,226.0
1375,201701270CLE,CLE,-14.5,226.0
1376,201701270IND,SAC,4.5,210.5
1377,201701270IND,IND,-4.5,210.5
1378,201701270NOP,NOP,6.0,208.0
1379,201701270NOP,SAS,-6.0,208.0
1380,201701270NYK,CHO,-0.0,212.5
1381,201701270NYK,NYK,0.0,212.5
1382,201701270PHI,PHI,8.0,218.0
1383,201701270PHI,HOU,-8.0,218.0
1384,201701270POR,MEM,1.0,1207.0
1385,201701270POR,POR,-1.0,1207.0
1386,201701270TOR,TOR,-4.0,215.0
1387,201701270TOR,MIL,4.0,215.0
1388,201701280CHO,SAC,6.5,209.0
1389,201701280CHO,CHO,-6.5,209.0
1390,201701280GSW,LAC,11.5,222.5
1391,201701280GSW,GSW,-11.5,222.5
1392,201701280MIA,DET,-3.0,201.5
1393,201701280MIA,MIA,3.0,201.5
1394,201701280MIL,BOS,-1.0,217.0
1395,201701280MIL,MIL,1.0,217.0
1396,201701280MIN,MIN,-11.5,218.0
1397,201701280MIN,BRK,11.5,218.0
1398,201701280PHO,DEN,2.5,232.0
1399,201701280PHO,PHO,-2.5,232.0
1400,201701280UTA,MEM,7.0,188.5
1401,201701280UTA,UTA,-7.0,188.5
1402,201701290ATL,NYK,8.0,211.0
1403,201701290ATL,ATL,-8.0,211.0
1404,201701290CHI,PHI,6.5,206.0
1405,201701290CHI,CHI,-6.5,206.0
1406,201701290CLE,OKC,7.0,220.5
1407,201701290CLE,CLE,-7.0,220.5
1408,201701290IND,HOU,-3.0,226.0
1409,201701290IND,IND,3.0,226.0
1410,201701290NOP,NOP,1.0,218.0
1411,201701290NOP,WAS,-1.0,218.0
1412,201701290POR,POR,8.5,228.0
1413,201701290POR,GSW,-8.5,228.0
1414,201701290SAS,DAL,13.0,196.0
1415,201701290SAS,SAS,-13.0,196.0
1416,201701290TOR,TOR,-9.0,210.5
1417,201701290TOR,ORL,9.0,210.5
1418,201701300BOS,BOS,-6.0,212.5
1419,201701300BOS,DET,6.0,212.5
1420,201701300DAL,DAL,4.5,205.0
1421,201701300DAL,CLE,-4.5,205.0
1422,201701300MIA,MIA,-9.0,217.0
1423,201701300MIA,BRK,9.0,217.0
1424,201701300MIN,MIN,-8.0,211.5
1425,201701300MIN,ORL,8.0,211.5
1426,201701300PHI,PHI,0.0,205.0
1427,201701300PHI,SAC,-0.0,205.0
1428,201701300PHO,MEM,-3.5,208.5
1429,201701300PHO,PHO,3.5,208.5
1430,201701310HOU,HOU,-11.5,226.0
1431,201701310HOU,SAC,11.5,226.0
1432,201701310LAL,DEN,-3.5,226.0
1433,201701310LAL,LAL,3.5,226.0
1434,201701310POR,CHO,3.0,214.0
1435,201701310POR,POR,-3.0,214.0
1436,201701310SAS,OKC,9.0,211.0
1437,201701310SAS,SAS,-9.0,211.0
1438,201701310TOR,NOP,7.5,215.0
1439,201701310TOR,TOR,-7.5,215.0
1440,201701310WAS,NYK,8.0,216.5
1441,201701310WAS,WAS,-8.0,216.5
1442,201702010BOS,BOS,-6.0,217.5
1443,201702010BOS,TOR,6.0,217.5
1444,201702010BRK,BRK,2.5,223.0
1445,201702010BRK,NYK,-2.5,223.0
1446,201702010CLE,CLE,-7.0,213.0
1447,201702010CLE,MIN,7.0,213.0
1448,201702010DAL,PHI,6.0,202.0
1449,201702010DAL,DAL,-6.0,202.0
1450,201702010DEN,DEN,2.0,215.0
1451,201702010DEN,MEM,-2.0,215.0
1452,201702010DET,NOP,6.5,213.0
1453,201702010DET,DET,-6.5,213.0
1454,201702010GSW,CHO,14.0,223.0
1455,201702010GSW,GSW,-14.0,223.0
1456,201702010MIA,MIA,2.0,203.0
1457,201702010MIA,ATL,-2.0,203.0
1458,201702010OKC,CHI,3.0,207.5
1459,201702010OKC,OKC,-3.0,207.5
1460,201702010ORL,IND,-2.5,212.0
1461,201702010ORL,ORL,2.5,212.0
1462,201702010PHO,LAC,-4.0,220.5
1463,201702010PHO,PHO,4.0,220.5
1464,201702010UTA,UTA,-8.0,198.5
1465,201702010UTA,MIL,8.0,198.5
1466,201702020HOU,HOU,-9.0,222.0
1467,201702020HOU,ATL,9.0,222.0
1468,201702020LAC,GSW,-8.0,226.0
1469,201702020LAC,LAC,8.0,226.0
1470,201702020SAS,PHI,15.0,211.0
1471,201702020SAS,SAS,-15.0,211.0
1472,201702020WAS,LAL,11.0,218.5
1473,201702020WAS,WAS,-11.0,218.5
1474,201702030BOS,BOS,-11.0,221.0
1475,201702030BOS,LAL,11.0,221.0
1476,201702030BRK,BRK,7.0,221.0
1477,201702030BRK,IND,-7.0,221.0
1478,201702030DEN,MIL,2.0,223.0
1479,201702030DEN,DEN,-2.0,223.0
1480,201702030DET,MIN,4.0,210.5
1481,201702030DET,DET,-4.0,210.5
1482,201702030HOU,CHI,6.0,222.5
1483,201702030HOU,HOU,-6.0,222.5
1484,201702030OKC,MEM,1.5,203.5
1485,201702030OKC,OKC,-1.5,203.5
1486,201702030ORL,ORL,5.0,210.0
1487,201702030ORL,TOR,-5.0,210.0
1488,201702030POR,DAL,4.5,206.5
1489,201702030POR,POR,-4.5,206.5
1490,201702030SAC,PHO,4.5,217.5
1491,201702030SAC,SAC,-4.5,217.5
